rank,item,repo_name,stars,forks,language,repo_url,username,issues,last_commit,description,username/repo_name
12,top-100-stars,public-apis,138384,16383,Python,https://github.com/public-apis/public-apis,public-apis,48,2021-07-12T12:46:51Z,A collective list of free APIs,public-apis/public-apis
13,top-100-stars,system-design-primer,138261,25291,Python,https://github.com/donnemartin/system-design-primer,donnemartin,210,2021-07-12T05:28:40Z,Learn how to design large-scale systems. Prep for the system design interview.  Includes Anki flashcards.,donnemartin/system-design-primer
23,top-100-stars,Python,111645,30640,Python,https://github.com/TheAlgorithms/Python,TheAlgorithms,33,2021-07-13T13:43:50Z,All Algorithms implemented in Python,TheAlgorithms/Python
25,top-100-stars,Python-100-Days,105828,41982,Python,https://github.com/jackfrued/Python-100-Days,jackfrued,573,2021-07-03T06:46:31Z,Python - 100天从新手到大师,jackfrued/Python-100-Days
26,top-100-stars,awesome-python,100469,19463,Python,https://github.com/vinta/awesome-python,vinta,175,2021-07-13T08:20:53Z,"A curated list of awesome Python frameworks, libraries, software and resources",vinta/awesome-python
27,top-100-stars,youtube-dl,97570,5444,Python,https://github.com/ytdl-org/youtube-dl,ytdl-org,4337,2021-07-13T06:12:04Z,Command-line program to download videos from YouTube.com and other video sites,ytdl-org/youtube-dl
48,top-100-stars,models,70564,44492,Python,https://github.com/tensorflow/models,tensorflow,1215,2021-07-13T18:30:43Z,Models and examples built with TensorFlow,tensorflow/models
59,top-100-stars,thefuck,62958,2950,Python,https://github.com/nvbn/thefuck,nvbn,250,2021-07-13T21:02:10Z,Magnificent app which corrects your previous console command.,nvbn/thefuck
66,top-100-stars,django,58493,24998,Python,https://github.com/django/django,django,166,2021-07-14T01:01:57Z,The Web framework for perfectionists with deadlines.,django/django
74,top-100-stars,flask,56010,14432,Python,https://github.com/pallets/flask,pallets,35,2021-07-11T18:20:17Z,The Python micro framework for building web applications.,pallets/flask
94,top-100-stars,keras,51891,18738,Python,https://github.com/keras-team/keras,keras-team,453,2021-07-13T23:25:06Z,Deep Learning for humans,keras-team/keras
96,top-100-stars,httpie,51379,3328,Python,https://github.com/httpie/httpie,httpie,149,2021-07-08T16:36:45Z,"As easy as /aitch-tee-tee-pie/ 🥧 Modern, user-friendly command-line HTTP client for the API era. JSON support, colors, sessions, downloads, plugins & more. https://twitter.com/httpie",httpie/httpie
48,top-100-forks,scikit-learn,46415,21655,Python,https://github.com/scikit-learn/scikit-learn,scikit-learn,2385,2021-07-14T02:41:10Z,scikit-learn: machine learning in Python,scikit-learn/scikit-learn
56,top-100-forks,ansible,49022,20817,Python,https://github.com/ansible/ansible,ansible,1601,2021-07-13T21:19:09Z,"Ansible is a radically simple IT automation platform that makes your applications and systems easier to deploy and maintain. Automate everything from code deployment to network configuration to cloud management, in a language that approaches plain English, using SSH, with no agents to install on remote systems. https://docs.ansible.com.",ansible/ansible
61,top-100-forks,shadowsocks,33038,19552,Python,https://github.com/shadowsocks/shadowsocks,shadowsocks,447,2021-02-28T20:39:55Z,,shadowsocks/shadowsocks
63,top-100-forks,cpython,38994,19408,Python,https://github.com/python/cpython,python,1437,2021-07-13T23:20:28Z,The Python programming language,python/cpython
94,top-100-forks,core,44481,14465,Python,https://github.com/home-assistant/core,home-assistant,1460,2021-07-14T02:29:28Z,:house_with_garden: Open source home automation that puts local control and privacy first,home-assistant/core
11,Python,awesome-machine-learning,50660,12557,Python,https://github.com/josephmisiti/awesome-machine-learning,josephmisiti,1,2021-07-08T13:16:05Z,"A curated list of awesome Machine Learning frameworks, libraries and software.",josephmisiti/awesome-machine-learning
13,Python,transformers,48451,11539,Python,https://github.com/huggingface/transformers,huggingface,404,2021-07-14T02:01:40Z,"🤗 Transformers: State-of-the-art Natural Language Processing for Pytorch, TensorFlow, and JAX.",huggingface/transformers
15,Python,requests,45622,8359,Python,https://github.com/psf/requests,psf,322,2021-07-13T18:01:39Z,"A simple, yet elegant HTTP library.",psf/requests
16,Python,HelloGitHub,44490,6493,Python,https://github.com/521xueweihan/HelloGitHub,521xueweihan,21,2021-06-28T00:25:57Z,:octocat: 分享 GitHub 上有趣、入门级的开源项目,521xueweihan/HelloGitHub
18,Python,scrapy,41053,9247,Python,https://github.com/scrapy/scrapy,scrapy,809,2021-07-13T15:22:29Z,"Scrapy, a fast high-level web crawling & scraping framework for Python.",scrapy/scrapy
19,Python,you-get,40994,8423,Python,https://github.com/soimort/you-get,soimort,363,2021-07-11T16:51:49Z,:arrow_double_down: Dumb downloader that scrapes the web,soimort/you-get
20,Python,big-list-of-naughty-strings,40925,1914,Python,https://github.com/minimaxir/big-list-of-naughty-strings,minimaxir,78,2021-07-06T15:23:00Z,The Big List of Naughty Strings is a list of strings which have a high probability of causing issues when used as user-input data.,minimaxir/big-list-of-naughty-strings
21,Python,face_recognition,40691,11368,Python,https://github.com/ageitgey/face_recognition,ageitgey,623,2021-07-03T15:07:14Z,The world's simplest facial recognition api for Python and the command line,ageitgey/face_recognition
22,Python,superset,39430,7591,Python,https://github.com/apache/superset,apache,937,2021-07-14T03:00:57Z,Apache Superset is a Data Visualization and Data Exploration Platform,apache/superset
24,Python,faceswap,37739,11040,Python,https://github.com/deepfakes/faceswap,deepfakes,13,2021-07-11T22:42:51Z,Deepfakes Software For All,deepfakes/faceswap
25,Python,manim,34793,4107,Python,https://github.com/3b1b/manim,3b1b,321,2021-07-04T16:22:25Z,Animation engine for explanatory math videos,3b1b/manim
26,Python,fastapi,33408,2361,Python,https://github.com/tiangolo/fastapi,tiangolo,977,2021-07-13T15:21:53Z,"FastAPI framework, high performance, easy to learn, fast to code, ready for production",tiangolo/fastapi
28,Python,funNLP,32118,9427,Python,https://github.com/fighting41love/funNLP,fighting41love,17,2020-12-22T20:11:33Z,"中英文敏感词、语言检测、中外手机/电话归属地/运营商查询、名字推断性别、手机号抽取、身份证抽取、邮箱抽取、中日文人名库、中文缩写库、拆字词典、词汇情感值、停用词、反动词表、暴恐词表、繁简体转换、英文模拟中文发音、汪峰歌词生成器、职业名称词库、同义词库、反义词库、否定词库、汽车品牌词库、汽车零件词库、连续英文切割、各种中文词向量、公司名字大全、古诗词库、IT词库、财经词库、成语词库、地名词库、历史名人词库、诗词词库、医学词库、饮食词库、法律词库、汽车词库、动物词库、中文聊天语料、中文谣言数据、百度中文问答数据集、句子相似度匹配算法集合、bert资源、文本生成&摘要相关工具、cocoNLP信息抽取工具、国内电话号码正则匹配、清华大学XLORE:中英文跨语言百科知识图谱、清华大学人工智能技术系列报告、自然语言生成、NLU太难了系列、自动对联数据及机器人、用户名黑名单列表、罪名法务名词及分类模型、微信公众号语料、cs224n深度学习自然语言处理课程、中文手写汉字识别、中文自然语言处理 语料/数据集、变量命名神器、分词语料库+代码、任务型对话英文数据集、ASR 语音数据集 + 基于深度学习的中文语音识别系统、笑声检测器、Microsoft多语言数字/单位/如日期时间识别包、中华新华字典数据库及api(包括常用歇后语、成语、词语和汉字)、文档图谱自动生成、SpaCy 中文模型、Common Voice语音识别数据集新版、神经网络关系抽取、基于bert的命名实体识别、关键词(Keyphrase)抽取包pke、基于医疗领域知识图谱的问答系统、基于依存句法与语义角色标注的事件三元组抽取、依存句法分析4万句高质量标注数据、cnocr：用来做中文OCR的Python3包、中文人物关系知识图谱项目、中文nlp竞赛项目及代码汇总、中文字符数据、speech-aligner: 从“人声语音”及其“语言文本”产生音素级别时间对齐标注的工具、AmpliGraph: 知识图谱表示学习(Python)库：知识图谱概念链接预测、Scattertext 文本可视化(python)、语言/知识表示工具：BERT & ERNIE、中文对比英文自然语言处理NLP的区别综述、Synonyms中文近义词工具包、HarvestText领域自适应文本挖掘工具（新词发现-情感分析-实体链接等）、word2word：(Python)方便易用的多语言词-词对集：62种语言/3,564个多语言对、语音识别语料生成工具：从具有音频/字幕的在线视频创建自动语音识别(ASR)语料库、构建医疗实体识别的模型（包含词典和语料标注）、单文档非监督的关键词抽取、Kashgari中使用gpt-2语言模型、开源的金融投资数据提取工具、文本自动摘要库TextTeaser: 仅支持英文、人民日报语料处理工具集、一些关于自然语言的基本模型、基于14W歌曲知识库的问答尝试--功能包括歌词接龙and已知歌词找歌曲以及歌曲歌手歌词三角关系的问答、基于Siamese bilstm模型的相似句子判定模型并提供训练数据集和测试数据集、用Transformer编解码模型实现的根据Hacker News文章标题自动生成评论、用BERT进行序列标记和文本分类的模板代码、LitBank：NLP数据集——支持自然语言处理和计算人文学科任务的100部带标记英文小说语料、百度开源的基准信息抽取系统、虚假新闻数据集、Facebook: LAMA语言模型分析，提供Transformer-XL/BERT/ELMo/GPT预训练语言模型的统一访问接口、CommonsenseQA：面向常识的英文QA挑战、中文知识图谱资料、数据及工具、各大公司内部里大牛分享的技术文档 PDF 或者 PPT、自然语言生成SQL语句（英文）、中文NLP数据增强（EDA）工具、英文NLP数据增强工具 、基于医药知识图谱的智能问答系统、京东商品知识图谱、基于mongodb存储的军事领域知识图谱问答项目、基于远监督的中文关系抽取、语音情感分析、中文ULMFiT-情感分析-文本分类-语料及模型、一个拍照做题程序、世界各国大规模人名库、一个利用有趣中文语料库 qingyun 训练出来的中文聊天机器人、中文聊天机器人seqGAN、省市区镇行政区划数据带拼音标注、教育行业新闻语料库包含自动文摘功能、开放了对话机器人-知识图谱-语义理解-自然语言处理工具及数据、中文知识图谱：基于百度百科中文页面-抽取三元组信息-构建中文知识图谱、masr: 中文语音识别-提供预训练模型-高识别率、Python音频数据增广库、中文全词覆盖BERT及两份阅读理解数据、ConvLab：开源多域端到端对话系统平台、中文自然语言处理数据集、基于最新版本rasa搭建的对话系统、基于TensorFlow和BERT的管道式实体及关系抽取、一个小型的证券知识图谱/知识库、复盘所有NLP比赛的TOP方案、OpenCLaP：多领域开源中文预训练语言模型仓库、UER：基于不同语料+编码器+目标任务的中文预训练模型仓库、中文自然语言处理向量合集、基于金融-司法领域(兼有闲聊性质)的聊天机器人、g2pC：基于上下文的汉语读音自动标记模块、Zincbase 知识图谱构建工具包、诗歌质量评价/细粒度情感诗歌语料库、快速转化「中文数字」和「阿拉伯数字」、百度知道问答语料库、基于知识图谱的问答系统、jieba_fast 加速版的jieba、正则表达式教程、中文阅读理解数据集、基于BERT等最新语言模型的抽取式摘要提取、Python利用深度学习进行文本摘要的综合指南、知识图谱深度学习相关资料整理、维基大规模平行文本语料、StanfordNLP 0.2.0：纯Python版自然语言处理包、NeuralNLP-NeuralClassifier：腾讯开源深度学习文本分类工具、端到端的封闭域对话系统、中文命名实体识别：NeuroNER vs. BertNER、新闻事件线索抽取、2019年百度的三元组抽取比赛：“科学空间队”源码、基于依存句法的开放域文本知识三元组抽取和知识库构建、中文的GPT2训练代码、ML-NLP - 机器学习(Machine Learning)NLP面试中常考到的知识点和代码实现、nlp4han:中文自然语言处理工具集(断句/分词/词性标注/组块/句法分析/语义分析/NER/N元语法/HMM/代词消解/情感分析/拼写检查、XLM：Facebook的跨语言预训练语言模型、用基于BERT的微调和特征提取方法来进行知识图谱百度百科人物词条属性抽取、中文自然语言处理相关的开放任务-数据集-当前最佳结果、CoupletAI - 基于CNN+Bi-LSTM+Attention 的自动对对联系统、抽象知识图谱、MiningZhiDaoQACorpus - 580万百度知道问答数据挖掘项目、brat rapid annotation tool: 序列标注工具、大规模中文知识图谱数据：1.4亿实体、数据增强在机器翻译及其他nlp任务中的应用及效果、allennlp阅读理解:支持多种数据和模型、PDF表格数据提取工具 、 Graphbrain：AI开源软件库和科研工具，目的是促进自动意义提取和文本理解以及知识的探索和推断、简历自动筛选系统、基于命名实体识别的简历自动摘要、中文语言理解测评基准，包括代表性的数据集&基准模型&语料库&排行榜、树洞 OCR 文字识别 、从包含表格的扫描图片中识别表格和文字、语声迁移、Python口语自然语言处理工具集(英文)、 similarity：相似度计算工具包，java编写、海量中文预训练ALBERT模型 、Transformers 2.0 、基于大规模音频数据集Audioset的音频增强 、Poplar：网页版自然语言标注工具、图片文字去除，可用于漫画翻译 、186种语言的数字叫法库、Amazon发布基于知识的人-人开放领域对话数据集 、中文文本纠错模块代码、繁简体转换 、 Python实现的多种文本可读性评价指标、类似于人名/地名/组织机构名的命名体识别数据集 、东南大学《知识图谱》研究生课程(资料)、. 英文拼写检查库 、 wwsearch是企业微信后台自研的全文检索引擎、CHAMELEON：深度学习新闻推荐系统元架构 、 8篇论文梳理BERT相关模型进展与反思、DocSearch：免费文档搜索引擎、 LIDA：轻量交互式对话标注工具 、aili - the fastest in-memory index in the East 东半球最快并发索引 、知识图谱车音工作项目、自然语言生成资源大全 、中日韩分词库mecab的Python接口库、中文文本摘要/关键词提取、汉字字符特征提取器 (featurizer)，提取汉字的特征（发音特征、字形特征）用做深度学习的特征、中文生成任务基准测评 、中文缩写数据集、中文任务基准测评 - 代表性的数据集-基准(预训练)模型-语料库-baseline-工具包-排行榜、PySS3：面向可解释AI的SS3文本分类器机器可视化工具 、中文NLP数据集列表、COPE - 格律诗编辑程序、doccano：基于网页的开源协同多语言文本标注工具 、PreNLP：自然语言预处理库、简单的简历解析器，用来从简历中提取关键信息、用于中文闲聊的GPT2模型：GPT2-chitchat、基于检索聊天机器人多轮响应选择相关资源列表(Leaderboards、Datasets、Papers)、(Colab)抽象文本摘要实现集锦(教程 、词语拼音数据、高效模糊搜索工具、NLP数据增广资源集、微软对话机器人框架 、 GitHub Typo Corpus：大规模GitHub多语言拼写错误/语法错误数据集、TextCluster：短文本聚类预处理模块 Short text cluster、面向语音识别的中文文本规范化、BLINK：最先进的实体链接库、BertPunc：基于BERT的最先进标点修复模型、Tokenizer：快速、可定制的文本词条化库、中文语言理解测评基准，包括代表性的数据集、基准(预训练)模型、语料库、排行榜、spaCy 医学文本挖掘与信息提取 、 NLP任务示例项目代码集、 python拼写检查库、chatbot-list - 行业内关于智能客服、聊天机器人的应用和架构、算法分享和介绍、语音质量评价指标(MOSNet, BSSEval, STOI, PESQ, SRMR)、 用138GB语料训练的法文RoBERTa预训练语言模型 、BERT-NER-Pytorch：三种不同模式的BERT中文NER实验、无道词典 - 有道词典的命令行版本，支持英汉互查和在线查询、2019年NLP亮点回顾、 Chinese medical dialogue data 中文医疗对话数据集 、最好的汉字数字(中文数字)-阿拉伯数字转换工具、 基于百科知识库的中文词语多词义/义项获取与特定句子词语语义消歧、awesome-nlp-sentiment-analysis - 情感分析、情绪原因识别、评价对象和评价词抽取、LineFlow：面向所有深度学习框架的NLP数据高效加载器、中文医学NLP公开资源整理 、MedQuAD：(英文)医学问答数据集、将自然语言数字串解析转换为整数和浮点数、Transfer Learning in Natural Language Processing (NLP) 、面向语音识别的中文/英文发音辞典、Tokenizers：注重性能与多功能性的最先进分词器、CLUENER 细粒度命名实体识别 Fine Grained Named Entity Recognition、 基于BERT的中文命名实体识别、中文谣言数据库、NLP数据集/基准任务大列表、nlp相关的一些论文及代码, 包括主题模型、词向量(Word Embedding)、命名实体识别(NER)、文本分类(Text Classificatin)、文本生成(Text Generation)、文本相似性(Text Similarity)计算等，涉及到各种与nlp相关的算法，基于keras和tensorflow 、Python文本挖掘/NLP实战示例、 Blackstone：面向非结构化法律文本的spaCy pipeline和NLP模型通过同义词替换实现文本“变脸” 、中文 预训练 ELECTREA 模型: 基于对抗学习 pretrain Chinese Model 、albert-chinese-ner - 用预训练语言模型ALBERT做中文NER 、基于GPT2的特定主题文本生成/文本增广、开源预训练语言模型合集、多语言句向量包、编码、标记和实现：一种可控高效的文本生成方法、 英文脏话大列表 、attnvis：GPT2、BERT等transformer语言模型注意力交互可视化、CoVoST：Facebook发布的多语种语音-文本翻译语料库，包括11种语言(法语、德语、荷兰语、俄语、西班牙语、意大利语、土耳其语、波斯语、瑞典语、蒙古语和中文)的语音、文字转录及英文译文、Jiagu自然语言处理工具 - 以BiLSTM等模型为基础，提供知识图谱关系抽取 中文分词 词性标注 命名实体识别 情感分析 新词发现 关键词 文本摘要 文本聚类等功能、用unet实现对文档表格的自动检测，表格重建、NLP事件提取文献资源列表 、 金融领域自然语言处理研究资源大列表、CLUEDatasetSearch - 中英文NLP数据集：搜索所有中文NLP数据集，附常用英文NLP数据集 、medical_NER - 中文医学知识图谱命名实体识别 、(哈佛)讲因果推理的免费书、知识图谱相关学习资料/数据集/工具资源大列表、Forte：灵活强大的自然语言处理pipeline工具集 、Python字符串相似性算法库、PyLaia：面向手写文档分析的深度学习工具包、TextFooler：针对文本分类/推理的对抗文本生成模块、Haystack：灵活、强大的可扩展问答(QA)框架、中文关键短语抽取工具",fighting41love/funNLP
29,Python,interview_internal_reference,31765,8642,Python,https://github.com/0voice/interview_internal_reference,0voice,27,2021-06-29T06:32:24Z,2021年最新总结，阿里，腾讯，百度，美团，头条等技术面试题目，以及答案，专家出题人分析汇总。,0voice/interview_internal_reference
30,Python,localstack,31214,2509,Python,https://github.com/localstack/localstack,localstack,304,2021-07-14T00:51:06Z,💻  A fully functional local AWS cloud stack. Develop and test your cloud & Serverless apps offline!,localstack/localstack
31,Python,CppCoreGuidelines,31202,4201,Python,https://github.com/isocpp/CppCoreGuidelines,isocpp,185,2021-07-11T23:05:17Z,"The C++ Core Guidelines are a set of tried-and-true guidelines, rules, and best practices about coding in C++",isocpp/CppCoreGuidelines
32,Python,AiLearning,30341,10185,Python,https://github.com/apachecn/AiLearning,apachecn,32,2021-05-09T09:19:29Z,AiLearning: 机器学习 - MachineLearning - ML、深度学习 - DeepLearning - DL、自然语言处理 NLP,apachecn/AiLearning
33,Python,pandas,30336,12675,Python,https://github.com/pandas-dev/pandas,pandas-dev,3626,2021-07-14T02:27:28Z,"Flexible and powerful data analysis / manipulation library for Python, providing labeled data structures similar to R data.frame objects, statistical functions, and much more",pandas-dev/pandas
34,Python,Deep-Learning-Papers-Reading-Roadmap,30124,6569,Python,https://github.com/floodsung/Deep-Learning-Papers-Reading-Roadmap,floodsung,84,2021-06-18T11:04:59Z,Deep Learning papers reading roadmap for anyone who are eager to learn this amazing tech!,floodsung/Deep-Learning-Papers-Reading-Roadmap
35,Python,12306,30063,9416,Python,https://github.com/testerSunshine/12306,testerSunshine,264,2021-05-21T15:40:13Z,12306智能刷票，订票,testerSunshine/12306
36,Python,python-patterns,28777,5932,Python,https://github.com/faif/python-patterns,faif,12,2021-07-07T18:19:13Z,A collection of design patterns/idioms in Python,faif/python-patterns
37,Python,bert,28531,8090,Python,https://github.com/google-research/bert,google-research,806,2021-06-02T01:31:23Z,TensorFlow code and pre-trained models for BERT,google-research/bert
38,Python,sentry,28486,3176,Python,https://github.com/getsentry/sentry,getsentry,354,2021-07-14T02:36:30Z,"Sentry is cross-platform application monitoring, with a focus on error reporting.",getsentry/sentry
39,Python,Real-Time-Voice-Cloning,27875,5062,Python,https://github.com/CorentinJ/Real-Time-Voice-Cloning,CorentinJ,23,2021-06-25T05:43:53Z,Clone a voice in 5 seconds to generate arbitrary speech in real-time,CorentinJ/Real-Time-Voice-Cloning
40,Python,PayloadsAllTheThings,27562,7709,Python,https://github.com/swisskyrepo/PayloadsAllTheThings,swisskyrepo,12,2021-07-12T18:45:40Z,A list of useful payloads and bypass for Web Application Security and Pentest/CTF,swisskyrepo/PayloadsAllTheThings
41,Python,rich,27494,833,Python,https://github.com/willmcgugan/rich,willmcgugan,4,2021-07-12T18:23:59Z,Rich is a Python library for rich text and beautiful formatting in the terminal.,willmcgugan/rich
42,Python,DeepFaceLab,27263,6101,Python,https://github.com/iperov/DeepFaceLab,iperov,311,2021-07-07T17:46:01Z,DeepFaceLab is the leading software for creating deepfakes.,iperov/DeepFaceLab
43,Python,wtfpython,26895,2241,Python,https://github.com/satwikkansal/wtfpython,satwikkansal,53,2021-05-11T18:49:21Z,What the f*ck Python? 😱,satwikkansal/wtfpython
44,Python,jieba,26615,6290,Python,https://github.com/fxsjy/jieba,fxsjy,612,2020-12-05T18:32:32Z,结巴中文分词,fxsjy/jieba
45,Python,cheat.sh,26394,1320,Python,https://github.com/chubin/cheat.sh,chubin,85,2021-06-17T19:28:23Z,the only cheat sheet you need,chubin/cheat.sh
46,Python,sherlock,26008,2721,Python,https://github.com/sherlock-project/sherlock,sherlock-project,114,2021-06-28T09:34:20Z,🔎 Hunt down social media accounts by username across social networks,sherlock-project/sherlock
47,Python,d2l-zh,24741,5998,Python,https://github.com/d2l-ai/d2l-zh,d2l-ai,18,2021-07-13T17:05:01Z,《动手学深度学习》：面向中文读者、能运行、可讨论。中英文版被全球175所大学采用教学。,d2l-ai/d2l-zh
48,Python,python-cheatsheet,24708,4472,Python,https://github.com/gto76/python-cheatsheet,gto76,25,2021-05-24T10:02:34Z,Comprehensive Python Cheatsheet,gto76/python-cheatsheet
49,Python,gym,24622,7074,Python,https://github.com/openai/gym,openai,317,2021-07-11T07:13:01Z,A toolkit for developing and comparing reinforcement learning algorithms.,openai/gym
50,Python,Detectron,24502,5332,Python,https://github.com/facebookresearch/Detectron,facebookresearch,323,2021-04-01T12:34:06Z,"FAIR's research platform for object detection research, implementing popular algorithms like Mask R-CNN and RetinaNet.",facebookresearch/Detectron
51,Python,Python,23307,10178,Python,https://github.com/geekcomputers/Python,geekcomputers,210,2021-07-13T09:36:18Z,My Python Examples,geekcomputers/Python
52,Python,interactive-coding-challenges,23099,3720,Python,https://github.com/donnemartin/interactive-coding-challenges,donnemartin,65,2021-04-11T09:48:23Z,120+ interactive Python coding interview challenges (algorithms and data structures).  Includes Anki flashcards.,donnemartin/interactive-coding-challenges
53,Python,linux-insides,23012,2655,Python,https://github.com/0xAX/linux-insides,0xAX,44,2021-05-26T07:02:20Z,A little bit about a linux kernel,0xAX/linux-insides
54,Python,mitmproxy,22829,2907,Python,https://github.com/mitmproxy/mitmproxy,mitmproxy,251,2021-07-13T14:22:19Z,An interactive TLS-capable intercepting HTTP proxy for penetration testers and software developers.,mitmproxy/mitmproxy
55,Python,airflow,22369,8804,Python,https://github.com/apache/airflow,apache,997,2021-07-14T00:37:43Z,"Apache Airflow - A platform to programmatically author, schedule, and monitor workflows",apache/airflow
56,Python,pipenv,22082,1640,Python,https://github.com/pypa/pipenv,pypa,555,2021-07-10T04:35:50Z, Python Development Workflow for Humans.,pypa/pipenv
57,Python,black,21641,1392,Python,https://github.com/psf/black,psf,296,2021-07-13T17:38:48Z,The uncompromising Python code formatter,psf/black
58,Python,django-rest-framework,21377,5759,Python,https://github.com/encode/django-rest-framework,encode,254,2021-07-13T20:03:51Z,Web APIs for Django. 🎸,encode/django-rest-framework
59,Python,data-science-ipython-notebooks,21327,6644,Python,https://github.com/donnemartin/data-science-ipython-notebooks,donnemartin,21,2021-05-13T20:42:35Z,"Data science Python notebooks: Deep learning (TensorFlow, Theano, Caffe, Keras), scikit-learn, Kaggle, big data (Spark, Hadoop MapReduce, HDFS), matplotlib, pandas, NumPy, SciPy, Python essentials, AWS, and various command lines.",donnemartin/data-science-ipython-notebooks
60,Python,pytorch-tutorial,21269,6608,Python,https://github.com/yunjey/pytorch-tutorial,yunjey,79,2021-06-10T13:49:59Z,PyTorch Tutorial for Deep Learning Researchers,yunjey/pytorch-tutorial
61,Python,algo,21073,1812,Python,https://github.com/trailofbits/algo,trailofbits,98,2021-07-06T19:59:22Z,Set up a personal VPN in the cloud,trailofbits/algo
62,Python,spaCy,20887,3502,Python,https://github.com/explosion/spaCy,explosion,97,2021-07-13T11:11:40Z,💫 Industrial-strength Natural Language Processing (NLP) in Python,explosion/spaCy
63,Python,Mask_RCNN,20264,9887,Python,https://github.com/matterport/Mask_RCNN,matterport,1730,2021-07-07T13:29:41Z,Mask R-CNN for object detection and instance segmentation on Keras and TensorFlow,matterport/Mask_RCNN
64,Python,tornado,20086,5398,Python,https://github.com/tornadoweb/tornado,tornadoweb,235,2021-07-09T18:05:14Z,"Tornado is a Python web framework and asynchronous networking library, originally developed at FriendFeed.",tornadoweb/tornado
65,Python,ML-From-Scratch,20039,3884,Python,https://github.com/eriklindernoren/ML-From-Scratch,eriklindernoren,42,2021-06-28T14:08:14Z,Machine Learning From Scratch. Bare bones NumPy implementations of machine learning models and algorithms with a focus on accessibility. Aims to cover everything from linear regression to deep learning.,eriklindernoren/ML-From-Scratch
66,Python,python-fire,19794,1167,Python,https://github.com/google/python-fire,google,112,2021-07-07T20:21:19Z,Python Fire is a library for automatically generating command line interfaces (CLIs) from absolutely any Python object.,google/python-fire
67,Python,Depix,19489,2263,Python,https://github.com/beurtschipper/Depix,beurtschipper,5,2021-03-27T16:03:45Z,Recovers passwords from pixelized screenshots,beurtschipper/Depix
68,Python,algorithms,19431,3988,Python,https://github.com/keon/algorithms,keon,159,2021-07-11T03:06:00Z,Minimal examples of data structures and algorithms in Python,keon/algorithms
69,Python,algo,19125,6165,Python,https://github.com/wangzheng0822/algo,wangzheng0822,136,2021-05-28T07:46:21Z,数据结构和算法必知必会的50个代码实现,wangzheng0822/algo
70,Python,redash,19103,3317,Python,https://github.com/getredash/redash,getredash,631,2021-07-12T22:53:10Z,"Make Your Company Data Driven. Connect to any data source, easily visualize, dashboard and share your data.",getredash/redash
71,Python,tqdm,18789,967,Python,https://github.com/tqdm/tqdm,tqdm,293,2021-07-11T02:22:34Z,"A Fast, Extensible Progress Bar for Python and CLI",tqdm/tqdm
72,Python,glances,18768,1216,Python,https://github.com/nicolargo/glances,nicolargo,200,2021-07-13T10:06:21Z,"Glances an Eye on your system. A top/htop alternative for GNU/Linux, BSD, Mac OS and Windows operating systems.",nicolargo/glances
73,Python,NLP-progress,18750,3193,Python,https://github.com/sebastianruder/NLP-progress,sebastianruder,27,2021-07-07T18:55:37Z,"Repository to track the progress in Natural Language Processing (NLP), including the datasets and the current state-of-the-art for the most common NLP tasks.",sebastianruder/NLP-progress
74,Python,macOS-Security-and-Privacy-Guide,18201,1305,Python,https://github.com/drduh/macOS-Security-and-Privacy-Guide,drduh,11,2021-07-06T08:33:21Z,Guide to securing and improving privacy on macOS,drduh/macOS-Security-and-Privacy-Guide
75,Python,numpy,17635,5659,Python,https://github.com/numpy/numpy,numpy,2329,2021-07-13T19:23:42Z,The fundamental package for scientific computing with Python.,numpy/numpy
76,Python,celery,17586,4039,Python,https://github.com/celery/celery,celery,516,2021-07-14T00:18:23Z,Distributed Task Queue (development branch),celery/celery
77,Python,CheatSheetSeries,17500,2447,Python,https://github.com/OWASP/CheatSheetSeries,OWASP,30,2021-07-13T11:01:36Z,The OWASP Cheat Sheet Series was created to provide a concise collection of high value information on specific application security topics.,OWASP/CheatSheetSeries
78,Python,detectron2,17199,4496,Python,https://github.com/facebookresearch/detectron2,facebookresearch,117,2021-07-12T14:18:31Z,"Detectron2 is FAIR's next-generation platform for object detection, segmentation and other visual recognition tasks.",facebookresearch/detectron2
79,Python,cascadia-code,17149,534,Python,https://github.com/microsoft/cascadia-code,microsoft,52,2021-07-13T15:31:17Z,"This is a fun, new monospaced font that includes programming ligatures and is designed to enhance the modern look and feel of the Windows Terminal.",microsoft/cascadia-code
80,Python,spleeter,16891,1774,Python,https://github.com/deezer/spleeter,deezer,95,2021-06-29T20:46:58Z,Deezer source separation library including pretrained models.,deezer/spleeter
81,Python,bitcoinbook,16829,4551,Python,https://github.com/bitcoinbook/bitcoinbook,bitcoinbook,47,2021-07-13T21:09:32Z,Mastering Bitcoin 2nd Edition - Programming the Open Blockchain,bitcoinbook/bitcoinbook
82,Python,magenta,16771,3467,Python,https://github.com/magenta/magenta,magenta,315,2021-06-30T21:44:22Z,Magenta: Music and Art Generation with Machine Intelligence,magenta/magenta
83,Python,locust,16577,2180,Python,https://github.com/locustio/locust,locustio,29,2021-07-13T10:57:01Z,Scalable user load testing tool written in Python,locustio/locust
84,Python,examples,16520,7682,Python,https://github.com/pytorch/examples,pytorch,317,2021-06-11T18:57:58Z,"A set of examples around pytorch in Vision, Text, Reinforcement Learning, etc.",pytorch/examples
85,Python,jumpserver,16356,4256,Python,https://github.com/jumpserver/jumpserver,jumpserver,207,2021-07-13T12:45:03Z,JumpServer 是全球首款开源的堡垒机，是符合 4A 的专业运维安全审计系统。,jumpserver/jumpserver
86,Python,Awesome-Linux-Software,16192,1645,Python,https://github.com/luong-komorebi/Awesome-Linux-Software,luong-komorebi,22,2021-06-26T14:16:09Z,"A list of awesome applications, software, tools and other materials for Linux distros. ",luong-komorebi/Awesome-Linux-Software
87,Python,Paddle,16024,3880,Python,https://github.com/PaddlePaddle/Paddle,PaddlePaddle,2651,2021-07-14T02:56:08Z,PArallel Distributed Deep LEarning: Machine Learning Framework from Industrial Practice （『飞桨』核心框架，深度学习&机器学习高性能单机、分布式训练和跨平台部署）,PaddlePaddle/Paddle
88,Python,reddit,15788,2881,Python,https://github.com/reddit-archive/reddit,reddit-archive,304,2017-10-17T19:57:07Z,historical code from reddit.com,reddit-archive/reddit
89,Python,professional-programming,15683,1417,Python,https://github.com/charlax/professional-programming,charlax,0,2021-06-29T16:30:46Z,A collection of full-stack resources for programmers.,charlax/professional-programming
90,Python,TensorFlow-Course,15639,3142,Python,https://github.com/instillai/TensorFlow-Course,instillai,2,2020-12-21T21:15:27Z,:satellite: Simple and ready-to-use tutorials for TensorFlow ,instillai/TensorFlow-Course
91,Python,poetry,15635,1273,Python,https://github.com/python-poetry/poetry,python-poetry,1185,2021-07-13T16:13:33Z,Python dependency management and packaging made easy.,python-poetry/poetry
92,Python,mmdetection,15612,5486,Python,https://github.com/open-mmlab/mmdetection,open-mmlab,340,2021-07-14T01:39:07Z,OpenMMLab Detection Toolbox and Benchmark,open-mmlab/mmdetection
93,Python,toml,15564,757,Python,https://github.com/toml-lang/toml,toml-lang,43,2021-07-04T05:53:44Z,"Tom's Obvious, Minimal Language",toml-lang/toml
94,Python,pytorch-CycleGAN-and-pix2pix,15405,4634,Python,https://github.com/junyanz/pytorch-CycleGAN-and-pix2pix,junyanz,369,2021-06-01T20:37:51Z,Image-to-Image Translation in PyTorch,junyanz/pytorch-CycleGAN-and-pix2pix
95,Python,bokeh,15302,3743,Python,https://github.com/bokeh/bokeh,bokeh,689,2021-07-13T23:21:00Z,"Interactive Data Visualization in the browser, from  Python",bokeh/bokeh
96,Python,sanic,15128,1373,Python,https://github.com/sanic-org/sanic,sanic-org,51,2021-07-13T23:50:21Z,Async Python 3.7+ web server/framework | Build fast. Run fast.,sanic-org/sanic
97,Python,pyspider,15039,3588,Python,https://github.com/binux/pyspider,binux,284,2021-03-09T08:53:54Z,A Powerful Spider(Web Crawler) System in Python.,binux/pyspider
98,Python,nginx-proxy,14978,2650,Python,https://github.com/nginx-proxy/nginx-proxy,nginx-proxy,596,2021-07-13T04:10:25Z,Automated nginx proxy for Docker containers using docker-gen,nginx-proxy/nginx-proxy
99,Python,cookiecutter,14923,1475,Python,https://github.com/cookiecutter/cookiecutter,cookiecutter,204,2021-07-08T15:28:49Z,"A command-line utility that creates projects from cookiecutters (project templates), e.g. Python package projects, VueJS projects.",cookiecutter/cookiecutter
100,Python,wttr.in,14912,718,Python,https://github.com/chubin/wttr.in,chubin,151,2021-06-23T20:05:56Z,:partly_sunny: The right way to check the weather,chubin/wttr.in
